t_sec,Vt_ftps,sp_ftps,throttle
0.1,512.6314763984883,500.0,0.0
0.2,512.8342638833755,500.0,0.0
0.30000000000000004,513.1100748345426,500.0,0.0
0.4,513.4508241987681,500.0,0.0
0.5,513.8482331437382,500.0,0.0
0.6,514.2948157823428,500.0,0.0
0.7,514.7838026655035,500.0,0.0
0.7999999999999999,515.3090718009507,500.0,0.0
0.8999999999999999,515.8650864323433,500.0,0.0
0.9999999999999999,516.4468388954874,500.0,0.0
1.0999999999999999,517.0497999411449,500.0,0.0
1.2,517.6698729782804,500.0,0.0
1.3,518.3033527486405,500.0,0.0
1.4000000000000001,518.946887994217,500.0,0.034238334745168686
1.5000000000000002,519.5974477241994,500.0,0.0
1.6000000000000003,520.2522907281481,500.0,0.0
1.7000000000000004,520.9089380179199,500.0,0.09601183235645294
1.8000000000000005,521.5651479128394,500.0,0.0
1.9000000000000006,522.218893511196,500.0,0.0
2.0000000000000004,522.8683423167406,500.0,0.0
2.1000000000000005,523.5118378117761,500.0,0.0
2.2000000000000006,524.1478827890088,500.0,0.0
2.3000000000000007,524.7751242727874,500.0,0.0
2.400000000000001,525.3923398769399,500.0,0.0
2.500000000000001,525.9984254613365,500.0,0.0
2.600000000000001,526.5923839627137,500.0,0.0
2.700000000000001,527.1733152873787,500.0,0.0
2.800000000000001,527.7404071642865,500.0,0.0
2.9000000000000012,528.2929268667851,500.0,0.0
3.0000000000000013,528.8302137201612,500.0,0.0
3.1000000000000014,529.3516723200883,500.0,0.0
3.2000000000000015,529.856766394272,500.0,0.0
3.3000000000000016,530.3450132460782,500.0,0.0
3.4000000000000017,530.8159787247893,500.0,0.0
3.5000000000000018,531.2692726705483,500.0,0.0
3.600000000000002,531.7045447927131,500.0,0.0
3.700000000000002,532.1214809402678,500.0,0.0
3.800000000000002,532.5197997235007,500.0,0.0
3.900000000000002,532.8992494554321,500.0,0.0
4.000000000000002,533.2596053826572,500.0,0.0
4.100000000000001,533.6006671781524,500.0,0.0
4.200000000000001,533.922256671208,500.0,0.0
4.300000000000001,534.2242157920036,500.0,0.0
4.4,534.5064047104833,500.0,0.0
4.5,534.7687001511144,500.0,0.0
4.6,535.0109938668661,500.0,0.0
4.699999999999999,535.233191257318,500.0,0.0
4.799999999999999,535.4352101172478,500.0,0.0
4.899999999999999,535.6169795033353,500.0,0.0
4.999999999999998,535.7784387077936,500.0,0.0
5.099999999999998,535.9195363288021,500.0,0.0
5.1999999999999975,536.0402294285684,500.0,0.0
5.299999999999997,536.1404827707239,500.0,0.0
5.399999999999997,536.2202681295356,500.0,0.0
5.4999999999999964,536.2795636641345,500.0,0.0
5.599999999999996,536.3183533516025,500.0,0.0
5.699999999999996,536.3366264733437,500.0,0.0
5.799999999999995,536.3343771496924,500.0,0.0
5.899999999999995,536.3116039181914,500.0,0.0
5.999999999999995,536.2683093514036,500.0,0.0
6.099999999999994,536.2044997105122,500.0,0.0
6.199999999999994,536.1201846315575,500.0,0.0
6.299999999999994,536.0153768407374,500.0,0.0
6.399999999999993,535.8900918959285,500.0,0.0
6.499999999999993,535.7443479526888,500.0,0.0
6.5999999999999925,535.5786705971219,500.0,0.0
6.699999999999992,535.394531804342,500.0,0.0
6.799999999999992,535.1937527999725,500.0,0.0
6.8999999999999915,534.977981543184,500.0,0.0
6.999999999999991,534.7487091593275,500.0,0.0
7.099999999999991,534.5072848210528,500.0,0.0
7.19999999999999,534.2549292231402,500.0,0.0
7.29999999999999,533.9927467829073,500.0,0.0
7.39999999999999,533.7217366858786,500.0,0.0
7.499999999999989,533.4428028853197,500.0,0.0
7.599999999999989,533.1567631541491,500.0,0.0
7.699999999999989,532.864357278568,500.0,0.0
7.799999999999988,532.5662544744121,500.0,0.0
7.899999999999988,532.2630600996464,500.0,0.0
7.999999999999988,531.955321729556,500.0,0.0
8.099999999999987,531.643534654928,500.0,0.0
8.199999999999987,531.3281468578622,500.0,0.0
8.299999999999986,531.0095635146974,500.0,0.0
8.399999999999986,530.6881510708857,500.0,0.0
8.499999999999986,530.3642409284089,500.0,0.0
8.599999999999985,530.0381327825055,500.0,0.0
8.699999999999985,529.7100976409969,500.0,0.0
8.799999999999985,529.3803805563535,500.0,0.0
8.899999999999984,529.0492030977931,500.0,0.0
8.999999999999984,528.7167655881087,500.0,0.0
9.099999999999984,528.3832491275945,500.0,0.0
9.199999999999983,528.0488174253076,500.0,0.0
9.299999999999983,527.7136184559896,500.0,0.0
9.399999999999983,527.3777859592292,500.0,0.0
9.499999999999982,527.0414407958733,500.0,0.0
9.599999999999982,526.7046921752722,500.0,0.0
9.699999999999982,526.3676387656473,500.0,0.0
9.799999999999981,526.0303696987075,500.0,0.0
9.89999999999998,525.6929654785797,500.0,0.0
9.99999999999998,525.355498804162,500.0,0.0
10.09999999999998,525.018035313145,500.0,0.0
10.19999999999998,524.6806342551555,500.0,0.0
10.29999999999998,524.3433491007767,500.0,0.4145428240299225
10.399999999999979,524.0062280925459,500.0,0.0
10.499999999999979,523.6693147434623,500.0,0.0
10.599999999999978,523.3336537654696,500.0,0.0
10.699999999999978,522.9991492126876,500.0,0.0
10.799999999999978,522.6647760302451,500.0,0.0
10.899999999999977,522.3305803346356,500.0,0.0
10.999999999999977,521.9966037173126,500.0,0.0
11.099999999999977,521.6628836761618,500.0,0.0
11.199999999999976,521.329454005909,500.0,0.0
11.299999999999976,520.9963451513337,500.0,0.0
11.399999999999975,520.6635845268258,500.0,0.0
11.499999999999975,520.3311968054965,500.0,0.0
11.599999999999975,519.9992041807408,500.0,0.0
11.699999999999974,519.6676266028771,500.0,0.0
11.799999999999974,519.3364819932391,500.0,0.0
11.899999999999974,519.0057864378651,500.0,0.0
11.999999999999973,518.6755543627339,500.0,0.0
12.099999999999973,518.3457986922991,500.0,0.0
12.199999999999973,518.016530992919,500.0,0.0
12.299999999999972,517.6877616026168,500.0,0.046476006507873535
12.399999999999972,517.3594997484757,500.0,0.0
12.499999999999972,517.0317536528474,500.0,0.0
12.599999999999971,516.7055335572716,500.0,0.0
12.69999999999997,516.3807149996517,500.0,0.0
12.79999999999997,516.0562494985863,500.0,0.0
12.89999999999997,515.7321595048742,500.0,0.0
12.99999999999997,515.4084652063643,500.0,0.0
13.09999999999997,515.0851847438745,500.0,0.0
13.199999999999969,514.7623344065778,500.0,0.0
13.299999999999969,514.4399288087753,500.0,0.0
13.399999999999968,514.117981049822,500.0,0.0
13.499999999999968,513.7965028588146,500.0,0.0
13.599999999999968,513.4755047254923,500.0,0.0
13.699999999999967,513.1549960186628,500.0,0.0
13.799999999999967,512.834985093344,500.0,0.0
13.899999999999967,512.5154793876957,500.0,0.17963941395282745
13.999999999999966,512.1964855107136,500.0,0.0
14.099999999999966,511.878009321567,500.0,0.0
14.199999999999966,511.5610569502733,500.0,0.0
14.299999999999965,511.2455022887826,500.0,0.0
14.399999999999965,510.9302972061411,500.0,0.0
14.499999999999964,510.61546255121027,500.0,0.0
14.599999999999964,510.3010170679321,500.0,0.0
14.699999999999964,509.9869775961632,500.0,0.0
14.799999999999963,509.6733592534191,500.0,0.11672602593898773
14.899999999999963,509.36017559930195,500.0,0.37188559770584106
14.999999999999963,509.0474387842594,500.0,0.0
15.099999999999962,508.7361595464064,500.0,0.042590267956256866
15.199999999999962,508.42821657312027,500.0,0.0
15.299999999999962,508.12330616524105,500.0,0.0
15.399999999999961,507.8212201633148,500.0,0.0
15.499999999999961,507.5217034559494,500.0,0.0
15.59999999999996,507.22259326247155,500.0,0.0
15.69999999999996,506.92293593127243,500.0,0.29554393887519836
15.79999999999996,506.62283627951155,500.0,0.5472759008407593
15.89999999999996,506.3223890243631,500.0,0.26518598198890686
15.99999999999996,506.0226785637899,500.0,0.22683441638946533
16.09999999999996,505.7256492487949,500.0,0.0
16.19999999999996,505.4330560847923,500.0,0.0
16.29999999999996,505.14648280480867,500.0,0.732033908367157
16.399999999999963,504.86536148181335,500.0,0.0
16.499999999999964,504.58724832032726,500.0,0.13624617457389832
16.599999999999966,504.31193253957105,500.0,0.0
16.699999999999967,504.03915676092737,500.0,0.0
16.79999999999997,503.76875463025004,500.0,0.0
16.89999999999997,503.5005089758424,500.0,0.21859875321388245
16.99999999999997,503.23229431299706,500.0,0.9285830855369568
17.099999999999973,502.96219147094433,500.0,0.0
17.199999999999974,502.6904630095253,500.0,0.907759964466095
17.299999999999976,502.4192746865754,500.0,0.0
17.399999999999977,502.1485872555031,500.0,0.8871580362319946
17.49999999999998,501.8784316505727,500.0,0.2478526532649994
17.59999999999998,501.60876923262043,500.0,0.0
17.69999999999998,501.3396314715448,500.0,0.0
17.799999999999983,501.07297405599087,500.0,0.320159375667572
17.899999999999984,500.80856874435204,500.0,0.0
17.999999999999986,500.54428203527664,500.0,0.0
18.099999999999987,500.2801807030829,500.0,0.0
18.19999999999999,500.01625857874245,500.0,0.4580090641975403
18.29999999999999,499.75058365543975,500.0,0.0
18.39999999999999,499.4824080855252,500.0,0.0
18.499999999999993,499.2130162847606,500.0,0.6439504623413086
18.599999999999994,498.9425389304969,500.0,0.06485087424516678
18.699999999999996,498.6701646133849,500.0,0.13947923481464386
18.799999999999997,498.39711962765347,500.0,0.0
18.9,498.1254739470055,500.0,0.010786604136228561
19.0,497.85709634289964,500.0,1.0
19.1,497.59168242578,500.0,0.0
19.200000000000003,497.3273789453029,500.0,1.0
19.300000000000004,497.0644915036663,500.0,0.8984394073486328
19.400000000000006,496.8028943098595,500.0,0.0
19.500000000000007,496.54253986434253,500.0,0.662706732749939
19.60000000000001,496.28530886204214,500.0,0.2650136649608612
19.70000000000001,496.0309089446734,500.0,0.10549809038639069
19.80000000000001,495.779141906787,500.0,0.11358853429555893
19.900000000000013,495.5317515483614,500.0,0.44832587242126465
20.000000000000014,495.2903116559854,500.0,0.6836410164833069
20.100000000000016,495.0562422385203,500.0,0.0
20.200000000000017,494.8308242229138,590.0,1.0
20.30000000000002,494.6152127548587,590.0,1.0
20.40000000000002,494.4084605329844,590.0,1.0
20.50000000000002,494.2097768557415,590.0,1.0
20.600000000000023,494.0203684353972,590.0,1.0
20.700000000000024,493.84132339881006,590.0,1.0
20.800000000000026,493.673622638309,590.0,1.0
20.900000000000027,493.5181500832121,590.0,1.0
21.00000000000003,493.37570199407065,590.0,1.0
21.10000000000003,493.2469953721651,590.0,1.0
21.20000000000003,493.13267556810627,590.0,1.0
21.300000000000033,493.0333231645854,590.0,1.0
21.400000000000034,492.94946020498963,590.0,1.0
21.500000000000036,492.8815558280453,590.0,1.0
21.600000000000037,492.83003136328625,590.0,1.0
21.70000000000004,492.79526494128385,590.0,1.0
21.80000000000004,492.7775956639177,590.0,1.0
21.90000000000004,492.7773273765709,590.0,1.0
22.000000000000043,492.7947320801621,590.0,1.0
22.100000000000044,492.83005301732715,590.0,1.0
22.200000000000045,492.8835074638044,590.0,1.0
22.300000000000047,492.95528925312516,590.0,1.0
22.40000000000005,493.0455710600397,590.0,1.0
22.50000000000005,493.15450646568627,590.0,1.0
22.60000000000005,493.28223182532435,590.0,1.0
22.700000000000053,493.428867957466,590.0,1.0
22.800000000000054,493.5945216714491,590.0,1.0
22.900000000000055,493.7792871470154,590.0,1.0
23.000000000000057,493.9832471837872,590.0,1.0
23.10000000000006,494.20647433287286,590.0,1.0
23.20000000000006,494.4490319183303,590.0,1.0
23.30000000000006,494.7109749607983,590.0,1.0
23.400000000000063,494.9923510126317,590.0,1.0
23.500000000000064,495.2932009129921,590.0,1.0
23.600000000000065,495.6135594705347,590.0,1.0
23.700000000000067,495.9534560806049,590.0,1.0
23.800000000000068,496.3129152831978,590.0,1.0
23.90000000000007,496.69195726733676,590.0,1.0
24.00000000000007,497.0905983269872,590.0,1.0
24.100000000000072,497.50885127313325,590.0,1.0
24.200000000000074,497.9467258062036,590.0,1.0
24.300000000000075,498.40422885263297,590.0,1.0
24.400000000000077,498.88136486898355,590.0,1.0
24.500000000000078,499.3781361167245,590.0,1.0
24.60000000000008,499.89454291047184,590.0,1.0
24.70000000000008,500.4305838422231,590.0,1.0
24.800000000000082,500.9862559838789,590.0,1.0
24.900000000000084,501.5615550701262,590.0,1.0
25.000000000000085,502.1564756635576,590.0,1.0
25.100000000000087,502.77101130372455,590.0,1.0
25.200000000000088,503.40515464165816,590.0,1.0
25.30000000000009,504.05889756124674,590.0,1.0
25.40000000000009,504.7322312887246,590.0,1.0
25.500000000000092,505.4251464914091,590.0,1.0
25.600000000000094,506.137633366712,590.0,1.0
25.700000000000095,506.869681722356,590.0,1.0
25.800000000000097,507.62128104863535,590.0,1.0
25.900000000000098,508.39242058348214,590.0,1.0
26.0000000000001,509.1830893747509,590.0,1.0
26.1000000000001,509.9932763324139,590.0,1.0
26.200000000000102,510.8229702720004,590.0,1.0
26.300000000000104,511.6721599571999,590.0,1.0
26.400000000000105,512.5408341381063,590.0,1.0
26.500000000000107,513.4289815855213,590.0,1.0
26.600000000000108,514.3365911216927,590.0,1.0
26.70000000000011,515.2636516478298,590.0,1.0
26.80000000000011,516.2101521687053,590.0,1.0
26.900000000000112,517.1760818146222,590.0,1.0
27.000000000000114,518.1614298609959,590.0,1.0
27.100000000000115,519.166185745786,590.0,1.0
27.200000000000117,520.1903390849781,590.0,1.0
27.300000000000118,521.2338796863058,590.0,1.0
27.40000000000012,522.2967975613826,590.0,1.0
27.50000000000012,523.3790829363941,590.0,1.0
27.600000000000122,524.48072626149,590.0,1.0
27.700000000000124,525.6017182190036,590.0,1.0
27.800000000000125,526.7420497306065,590.0,1.0
27.900000000000126,527.901711963506,590.0,1.0
28.000000000000128,529.0806963357755,590.0,1.0
28.10000000000013,530.2789945209015,590.0,1.0
28.20000000000013,531.496598451624,590.0,1.0
28.300000000000132,532.7335003231367,590.0,1.0
28.400000000000134,533.9896925957124,590.0,1.0
28.500000000000135,535.2651679968068,590.0,1.0
28.600000000000136,536.5599195226916,590.0,1.0
28.700000000000138,537.8739404396642,590.0,1.0
28.80000000000014,539.2072242848743,590.0,1.0
28.90000000000014,540.5597648668045,590.0,1.0
29.000000000000142,541.93155626544,590.0,1.0
29.100000000000144,543.3225928321576,590.0,0.5261053442955017
29.200000000000145,544.732869189361,590.0,0.0
29.300000000000146,546.1817961421023,590.0,0.6619204878807068
29.400000000000148,547.6648408223678,590.0,0.735549807548523
29.50000000000015,549.1577957022936,590.0,1.0
29.60000000000015,550.6575462022237,590.0,1.0
29.700000000000152,552.1612724138217,590.0,1.0
29.800000000000153,553.6684554801566,590.0,1.0
29.900000000000155,555.1805929574925,590.0,0.29854393005371094
30.000000000000156,556.6990402871481,590.0,0.5060645937919617
30.100000000000158,558.2445289942502,590.0,0.32305189967155457
30.20000000000016,559.8136218160566,590.0,0.5497980117797852
30.30000000000016,561.3830094430924,590.0,0.39907076954841614
30.400000000000162,562.9504758141023,590.0,0.0
30.500000000000163,564.5140143128489,590.0,0.0
30.600000000000165,566.0718079954248,590.0,0.29932865500450134
30.700000000000166,567.6222116995016,590.0,0.0
30.800000000000168,569.1637358546413,590.0,0.0
30.90000000000017,570.6950318305055,590.0,0.3452083468437195
31.00000000000017,572.2148786757018,590.0,0.29983147978782654
31.100000000000172,573.7221711143277,590.0,0.0
31.200000000000173,575.2159086801488,590.0,0.036235932260751724
31.300000000000175,576.6951858799524,590.0,0.25851747393608093
31.400000000000176,578.1591832880757,590.0,0.0
31.500000000000178,579.6071594835286,590.0,0.5842925310134888
31.60000000000018,581.0384437496351,590.0,0.0
31.70000000000018,582.4524294637914,590.0,0.0
31.800000000000182,583.8485681118597,590.0,0.1498410552740097
31.900000000000183,585.22636386797,590.0,0.0
32.000000000000185,586.5853686861556,590.0,0.0
32.100000000000186,587.9251778553423,590.0,0.03818999603390694
32.20000000000019,589.2454259738347,590.0,0.0
32.30000000000019,590.545783303599,590.0,0.0
32.40000000000019,591.8259524684241,590.0,0.0
32.50000000000019,593.0856654634415,590.0,0.0
32.60000000000019,594.3246809465724,590.0,0.0
32.700000000000195,595.5427817852594,590.0,0.0
32.800000000000196,596.7397728343616,590.0,0.0
32.9000000000002,597.9154789233755,590.0,0.0
33.0000000000002,599.0697430332116,590.0,0.0
33.1000000000002,600.2024246446238,590.0,0.0
33.2000000000002,601.3133982420841,590.0,0.0
33.3000000000002,602.4025519584256,590.0,0.0
33.400000000000205,603.4697863469628,590.0,0.0
33.500000000000206,604.5150132729153,590.0,0.0
33.60000000000021,605.5381549050203,590.0,0.0
33.70000000000021,606.5391427982582,590.0,0.0
33.80000000000021,607.5179170664397,590.0,0.0
33.90000000000021,608.4744256324309,590.0,0.0
34.00000000000021,609.4086235486881,590.0,0.0
34.100000000000215,610.3204723814658,590.0,0.0
34.200000000000216,611.2099396526861,590.0,0.0
34.30000000000022,612.0769983340263,590.0,0.0
34.40000000000022,612.9216263882955,590.0,0.0
34.50000000000022,613.7438063536348,590.0,0.0
34.60000000000022,614.5435249664985,590.0,0.0
34.70000000000022,615.3207728197543,590.0,0.0
34.800000000000225,616.0755440525874,590.0,0.0
34.900000000000226,616.8078360692035,590.0,0.0
35.00000000000023,617.5176492836134,590.0,0.0
35.10000000000023,618.2049868880343,590.0,0.0
35.20000000000023,618.8698546426781,590.0,0.0
35.30000000000023,619.5122606849079,590.0,0.0
35.40000000000023,620.1322153559313,590.0,0.0
35.500000000000234,620.7297310433755,590.0,0.0
35.600000000000236,621.304822038244,590.0,0.0
35.70000000000024,621.8575044036085,590.0,0.0
35.80000000000024,622.3877958579056,590.0,0.0
35.90000000000024,622.8957156659578,590.0,0.0
36.00000000000024,623.3812845427375,590.0,0.0
36.10000000000024,623.8445245658604,590.0,0.0
36.200000000000244,624.2854590923282,590.0,0.0
36.300000000000246,624.704112684517,590.0,0.0
36.40000000000025,625.1005110426669,590.0,0.0
36.50000000000025,625.4746809432601,590.0,0.0
36.60000000000025,625.8266501827309,590.0,0.0
36.70000000000025,626.1564475240592,590.0,0.0
36.80000000000025,626.4641026499351,590.0,0.0
36.900000000000254,626.7496461216767,590.0,0.0
37.000000000000256,627.0131093396568,590.0,0.0
37.10000000000026,627.2545245069799,590.0,0.0
37.20000000000026,627.4739245961046,590.0,0.0
37.30000000000026,627.6713433181329,590.0,0.0
37.40000000000026,627.8468150945167,590.0,0.0
37.50000000000026,628.0003750309503,590.0,0.0
37.600000000000264,628.1320588932487,590.0,0.0
37.700000000000266,628.2419030850199,590.0,0.0
37.80000000000027,628.3299446269655,590.0,0.0
37.90000000000027,628.3962211376556,590.0,0.0
38.00000000000027,628.4407708156414,590.0,0.0
38.10000000000027,628.4636324227766,590.0,0.0
38.20000000000027,628.4648452686404,590.0,0.0
38.300000000000274,628.4444491959526,590.0,0.0
38.400000000000276,628.4024845668945,590.0,0.0
38.50000000000028,628.3389922502462,590.0,0.0
38.60000000000028,628.2540136092687,590.0,0.0
38.70000000000028,628.1475904902592,590.0,0.0
38.80000000000028,628.0197652117188,590.0,0.0
38.90000000000028,627.8705805540756,590.0,0.0
39.000000000000284,627.7000797499128,590.0,0.0
39.100000000000286,627.5083064746557,590.0,0.0
39.20000000000029,627.2953048376756,590.0,0.0
39.30000000000029,627.0611193737735,590.0,0.0
39.40000000000029,626.805795035252,590.0,0.0
39.50000000000029,626.5293771840268,590.0,0.0
39.60000000000029,626.2319115836794,590.0,0.0
39.700000000000294,625.9134443922296,590.0,0.0
39.800000000000296,625.5747030247263,590.0,0.0
39.9000000000003,625.2173707925253,590.0,0.0
40.0000000000003,624.8433232152839,590.0,0.0
40.1000000000003,624.4542571388032,590.0,0.0
40.2000000000003,624.0517076927368,590.0,0.0
40.3000000000003,623.6370636460196,590.0,0.0
40.400000000000304,623.2115813101152,590.0,0.0
40.500000000000306,622.7763971263653,590.0,0.0
40.60000000000031,622.3325390611163,590.0,0.0
40.70000000000031,621.8809369186373,590.0,0.0
40.80000000000031,621.4224316808059,590.0,0.0
40.90000000000031,620.9577839586201,590.0,0.0
41.00000000000031,620.487681638834,590.0,0.0
41.100000000000314,620.012746808591,590.0,0.0
41.200000000000315,619.5335420187849,590.0,0.0
41.30000000000032,619.0505759531958,590.0,0.0
41.40000000000032,618.5643085587192,590.0,0.3890932500362396
41.50000000000032,618.0751556877053,590.0,0.0
41.60000000000032,617.5834932986934,590.0,0.0
41.70000000000032,617.090702798911,590.0,0.0
41.800000000000324,616.596955028009,590.0,0.0
41.900000000000325,616.1014327249695,590.0,0.0
42.00000000000033,615.6044049328347,590.0,0.0
42.10000000000033,615.1061147918124,590.0,0.0
42.20000000000033,614.6067820083981,590.0,0.0
42.30000000000033,614.1066050893962,590.0,0.0
42.40000000000033,613.6057633631561,590.0,0.0
42.500000000000334,613.104418808268,590.0,0.0
42.600000000000335,612.6027177080429,590.0,0.0
42.70000000000034,612.100792147358,590.0,0.0
42.80000000000034,611.5987613668761,590.0,0.0
42.90000000000034,611.0967329882183,590.0,0.0
43.00000000000034,610.5948041223788,590.0,0.0
43.10000000000034,610.0930623725042,590.0,0.0
43.200000000000344,609.5915867410968,590.0,0.0
43.300000000000345,609.090448450748,590.0,0.0
43.40000000000035,608.5897116866408,590.0,0.0
43.50000000000035,608.0894342682737,590.0,0.0
43.60000000000035,607.589668257152,590.0,0.0
43.70000000000035,607.0904605065462,590.0,0.604183554649353
43.80000000000035,606.5918531588413,590.0,0.0
43.900000000000354,606.0938840954702,590.0,0.0
44.000000000000355,605.597624464703,590.0,0.0
44.10000000000036,605.1029690343566,590.0,0.0
44.20000000000036,604.6088549216687,590.0,0.0
44.30000000000036,604.1153246869396,590.0,0.0
44.40000000000036,603.6224165937114,590.0,0.0
44.50000000000036,603.130165019147,590.0,0.0
44.600000000000364,602.6386008253318,590.0,0.0
44.700000000000365,602.1477516951735,590.0,0.0
44.80000000000037,601.6576424362775,590.0,0.0
44.90000000000037,601.1682952558468,590.0,0.0
45.00000000000037,600.679730009372,590.0,0.4794576168060303
45.10000000000037,600.1919644256076,590.0,0.1223696917295456
45.20000000000037,599.7050143100977,590.0,0.0
45.300000000000374,599.2199283969073,590.0,0.0
45.400000000000375,598.7386527156431,590.0,0.11527508497238159
45.50000000000038,598.2608741513565,590.0,0.0
45.60000000000038,597.7843101140197,590.0,0.0
45.70000000000038,597.3089680690374,590.0,0.0
45.80000000000038,596.8347854669493,590.0,0.0
45.90000000000038,596.3607410012368,590.0,0.14938227832317352
46.000000000000384,595.886911755389,590.0,0.0855523943901062
46.100000000000385,595.4133672381503,590.0,0.0
46.20000000000039,594.9412031280845,590.0,0.19721372425556183
46.30000000000039,594.4724063744674,590.0,0.40601056814193726
46.40000000000039,594.0067042126983,590.0,0.6205205917358398
46.50000000000039,593.5439186772202,590.0,0.0
46.60000000000039,593.0858842053652,590.0,0.7318615913391113
46.700000000000394,592.6342554459716,590.0,0.0
46.800000000000395,592.1884605198717,590.0,0.0
46.9000000000004,591.7480508601788,590.0,0.4468232989311218
47.0000000000004,591.3125515753196,590.0,0.24286878108978271
47.1000000000004,590.8795388872035,590.0,0.0
47.2000000000004,590.4488871330647,590.0,0.0
47.3000000000004,590.0224758067576,590.0,1.0
47.400000000000404,589.5999385010415,590.0,0.49735692143440247
47.500000000000405,589.1789508356616,590.0,0.18470892310142517
47.600000000000406,588.7594757252942,590.0,0.4167492687702179
47.70000000000041,588.343471551548,590.0,0.5627763271331787
47.80000000000041,587.932705247142,590.0,0.24252545833587646
47.90000000000041,587.5287705847728,590.0,0.026473350822925568
48.00000000000041,587.1331047309632,590.0,0.1017211303114891
48.10000000000041,586.7470032280402,590.0,0.0
48.200000000000415,586.3695741025499,590.0,0.21493971347808838
48.300000000000416,586.0000791260748,590.0,0.0
48.40000000000042,585.6377815817779,590.0,0.602989673614502
48.50000000000042,585.2820836543415,590.0,0.0
48.60000000000042,584.9323756564856,590.0,0.0
48.70000000000042,584.5881746599815,590.0,0.24327531456947327
48.80000000000042,584.2489749209552,590.0,1.0
48.900000000000425,583.912329958661,590.0,0.02649420127272606
49.000000000000426,583.5780880141042,590.0,0.2790583670139313
49.10000000000043,583.2480999973066,590.0,0.0
49.20000000000043,582.9219791418005,590.0,0.4028405547142029
49.30000000000043,582.5994441220892,590.0,0.8559036254882812
49.40000000000043,582.2801716230429,590.0,1.0
49.50000000000043,581.9639377032739,590.0,0.2846951484680176
49.600000000000435,581.6525267986503,590.0,1.0
49.700000000000436,581.3475488780907,590.0,0.0
49.80000000000044,581.050456112128,590.0,0.0
49.90000000000044,580.7625579597876,590.0,0.14047417044639587
50.00000000000044,580.4829799002272,590.0,1.0
50.10000000000044,580.2089446357296,590.0,0.20440709590911865
50.20000000000044,579.9399981707151,590.0,1.0
50.300000000000445,579.6777153833934,590.0,0.0
50.400000000000446,579.423516847979,590.0,0.21506068110466003
50.50000000000045,579.1786835863023,590.0,0.28001508116722107
50.60000000000045,578.9423166812684,590.0,0.7833491563796997
50.70000000000045,578.713671442142,590.0,1.0
50.80000000000045,578.4940589208211,590.0,0.506820023059845
50.90000000000045,578.2846611809787,590.0,0.3817126154899597
51.000000000000455,578.0865436438311,590.0,1.0
51.100000000000456,577.9006662600697,590.0,1.0
51.20000000000046,577.7278936171979,590.0,0.0
51.30000000000046,577.5690040857711,590.0,0.0
51.40000000000046,577.4246980946667,590.0,1.0
51.50000000000046,577.2935531490982,590.0,1.0
51.60000000000046,577.1722985457343,590.0,0.5089442133903503
51.700000000000465,577.0600312972075,590.0,0.39876338839530945
51.800000000000466,576.9579181357512,590.0,0.515035092830658
51.90000000000047,576.8670109408364,590.0,0.80354905128479
52.00000000000047,576.7882577328709,590.0,0.0
52.10000000000047,576.7225126214756,590.0,0.6266750693321228
52.20000000000047,576.670544807244,590.0,0.6227716207504272
52.30000000000047,576.6309947674381,590.0,0.5201353430747986
52.400000000000475,576.6027010933072,590.0,0.7786307334899902
52.500000000000476,576.5865964753261,590.0,0.05850604176521301
52.60000000000048,576.583521333915,590.0,0.24677324295043945
52.70000000000048,576.5942326615735,590.0,0.4606013596057892
52.80000000000048,576.6173600747763,590.0,0.0
52.90000000000048,576.651732322519,590.0,0.4224770665168762
53.00000000000048,576.6982732652293,590.0,0.28856393694877625
53.100000000000485,576.7557634541225,590.0,0.5654788613319397
53.200000000000486,576.8231681655041,590.0,1.0
53.30000000000049,576.9015349098145,590.0,0.7527069449424744
53.40000000000049,576.9918082362049,590.0,0.9043477773666382
53.50000000000049,577.0948395831847,590.0,1.0
53.60000000000049,577.2113961946696,590.0,0.0
53.70000000000049,577.3421691896879,590.0,0.11724677681922913
53.800000000000495,577.4877808622854,590.0,0.21170230209827423
53.900000000000496,577.6467385496331,590.0,0.0
54.0000000000005,577.8157074990957,590.0,0.43387413024902344
54.1000000000005,577.9916735692913,590.0,0.70953369140625
54.2000000000005,578.1719126479302,590.0,0.20723526179790497
54.3000000000005,578.356016298368,590.0,0.2506767809391022
54.4000000000005,578.5455998581062,590.0,1.0
54.500000000000504,578.7400683278106,590.0,0.7600054740905762
54.600000000000506,578.9372418046323,590.0,0.25740697979927063
54.70000000000051,579.1371928313345,590.0,0.0
54.80000000000051,579.3416398692437,590.0,0.22261172533035278
54.90000000000051,579.5500806451486,590.0,0.16952748596668243
55.00000000000051,579.760074958459,590.0,0.0
55.10000000000051,579.9694178918397,590.0,0.5798686742782593
55.200000000000514,580.1761174309825,590.0,0.6641495227813721
55.300000000000516,580.3783742298048,590.0,0.4273449778556824
55.40000000000052,580.5766183028377,590.0,0.509672999382019
55.50000000000052,580.7732253505128,590.0,0.912943422794342
55.60000000000052,580.9703419892079,590.0,0.0
55.70000000000052,581.1699075327092,590.0,0.0
55.80000000000052,581.373673719166,590.0,0.5317775011062622
55.900000000000524,581.5811668116568,590.0,0.0
56.000000000000526,581.7899709225273,590.0,0.0
56.10000000000053,581.9999592326426,590.0,0.4048585891723633
56.20000000000053,582.2109483736859,590.0,0.21926721930503845
56.30000000000053,582.4207847257863,590.0,0.0
56.40000000000053,582.6295792754896,590.0,0.0
56.50000000000053,582.837363825604,590.0,0.9675077795982361
56.600000000000534,583.0421789993567,590.0,0.0
56.700000000000536,583.2422550035722,590.0,0.3450673818588257
56.80000000000054,583.4380508172799,590.0,0.806443452835083
56.90000000000054,583.6299131314667,590.0,0.0
57.00000000000054,583.8182244323647,590.0,0.0
57.10000000000054,584.0053198053607,590.0,0.0
57.20000000000054,584.1912512924515,590.0,0.1808946430683136
57.300000000000544,584.3740768389748,590.0,0.06165257468819618
57.400000000000546,584.5520423931315,590.0,0.8583977222442627
57.50000000000055,584.7235640494445,590.0,0.0
57.60000000000055,584.8872118986754,590.0,0.8513930439949036
57.70000000000055,585.043753849359,590.0,0.8006983995437622
57.80000000000055,585.1938161110684,590.0,0.0
57.90000000000055,585.3380341547602,590.0,0.0
58.000000000000554,585.4789730838328,590.0,0.21579469740390778
58.100000000000556,585.6168918346647,590.0,0.0
58.20000000000056,585.7500345415864,590.0,0.0
58.30000000000056,585.8788748525442,590.0,0.9297205805778503
58.40000000000056,586.0037726402683,590.0,0.0
58.50000000000056,586.1230630984576,590.0,0.0
58.60000000000056,586.2373025923707,590.0,0.0
58.700000000000564,586.346925833696,590.0,0.04738691821694374
58.800000000000566,586.4503354924642,590.0,0.0
58.90000000000057,586.5460896912,590.0,0.0
59.00000000000057,586.6328872524393,590.0,0.0
59.10000000000057,586.7095543541624,590.0,0.0
59.20000000000057,586.7750324578519,590.0,0.2516308128833771
59.30000000000057,586.8283673870494,590.0,0.9911777973175049
59.400000000000574,586.8686994461448,590.0,0.0
59.500000000000576,586.8973143353179,590.0,0.0
59.60000000000058,586.9173666170024,590.0,0.0
59.70000000000058,586.9296472277186,590.0,0.2130800187587738
59.80000000000058,586.9328807998837,590.0,0.0
59.90000000000058,586.9259170668213,590.0,0.0
60.00000000000058,586.9097788652323,590.0,0.597991943359375
